-- MySQL Script generated by MySQL Workbench
-- Sun Oct 24 17:18:25 2021
-- Model: New Model    Version: 1.0
-- MySQL Workbench Forward Engineering

SET @OLD_UNIQUE_CHECKS=@@UNIQUE_CHECKS, UNIQUE_CHECKS=0;
SET @OLD_FOREIGN_KEY_CHECKS=@@FOREIGN_KEY_CHECKS, FOREIGN_KEY_CHECKS=0;
SET @OLD_SQL_MODE=@@SQL_MODE, SQL_MODE='ONLY_FULL_GROUP_BY,STRICT_TRANS_TABLES,NO_ZERO_IN_DATE,NO_ZERO_DATE,ERROR_FOR_DIVISION_BY_ZERO,NO_ENGINE_SUBSTITUTION';

-- -----------------------------------------------------
-- Schema mydb
-- -----------------------------------------------------
-- -----------------------------------------------------
-- Schema datawarehouse
-- -----------------------------------------------------

-- -----------------------------------------------------
-- Schema datawarehouse
-- -----------------------------------------------------
CREATE SCHEMA IF NOT EXISTS `datawarehouse` DEFAULT CHARACTER SET utf8 COLLATE utf8_estonian_ci ;
USE `datawarehouse` ;

-- -----------------------------------------------------
-- Table `datawarehouse`.`regions`
-- -----------------------------------------------------
CREATE TABLE IF NOT EXISTS `datawarehouse`.`regions` (
  `id` INT NOT NULL AUTO_INCREMENT,
  `name` VARCHAR(70) NOT NULL,
  `active` INT NOT NULL,
  PRIMARY KEY (`id`))
ENGINE = InnoDB
AUTO_INCREMENT = 10
DEFAULT CHARACTER SET = utf8
COLLATE = utf8_estonian_ci;


-- -----------------------------------------------------
-- Table `datawarehouse`.`countries`
-- -----------------------------------------------------
CREATE TABLE IF NOT EXISTS `datawarehouse`.`countries` (
  `id` INT NOT NULL AUTO_INCREMENT,
  `name` VARCHAR(70) NOT NULL,
  `Regions_id` INT NOT NULL,
  `active` INT NOT NULL,
  PRIMARY KEY (`id`, `Regions_id`),
  INDEX `fk_Countries_Regions_idx` (`Regions_id` ASC) VISIBLE,
  CONSTRAINT `fk_Countries_Regions`
    FOREIGN KEY (`Regions_id`)
    REFERENCES `datawarehouse`.`regions` (`id`))
ENGINE = InnoDB
AUTO_INCREMENT = 19
DEFAULT CHARACTER SET = utf8
COLLATE = utf8_estonian_ci;


-- -----------------------------------------------------
-- Table `datawarehouse`.`cities`
-- -----------------------------------------------------
CREATE TABLE IF NOT EXISTS `datawarehouse`.`cities` (
  `id` INT NOT NULL AUTO_INCREMENT,
  `name` VARCHAR(70) NOT NULL,
  `Countries_id` INT NOT NULL,
  `active` INT NOT NULL,
  PRIMARY KEY (`id`, `Countries_id`),
  INDEX `fk_Cities_Countries1_idx` (`Countries_id` ASC) VISIBLE,
  CONSTRAINT `fk_Cities_Countries1`
    FOREIGN KEY (`Countries_id`)
    REFERENCES `datawarehouse`.`countries` (`id`))
ENGINE = InnoDB
AUTO_INCREMENT = 41
DEFAULT CHARACTER SET = utf8
COLLATE = utf8_estonian_ci;


-- -----------------------------------------------------
-- Table `datawarehouse`.`companies`
-- -----------------------------------------------------
CREATE TABLE IF NOT EXISTS `datawarehouse`.`companies` (
  `id` INT NOT NULL AUTO_INCREMENT,
  `name` VARCHAR(100) NOT NULL,
  `address` VARCHAR(100) NOT NULL,
  `email` VARCHAR(100) NOT NULL,
  `phone` VARCHAR(100) NOT NULL,
  `city_id` INT NOT NULL,
  `active` INT NOT NULL DEFAULT '1',
  PRIMARY KEY (`id`, `city_id`),
  INDEX `fk_companies_cities1_idx` (`city_id` ASC) VISIBLE,
  CONSTRAINT `fk_companies_cities1`
    FOREIGN KEY (`city_id`)
    REFERENCES `datawarehouse`.`cities` (`id`))
ENGINE = InnoDB
AUTO_INCREMENT = 14
DEFAULT CHARACTER SET = utf8
COLLATE = utf8_estonian_ci;


-- -----------------------------------------------------
-- Table `datawarehouse`.`contacts`
-- -----------------------------------------------------
CREATE TABLE IF NOT EXISTS `datawarehouse`.`contacts` (
  `id` INT NOT NULL AUTO_INCREMENT,
  `fName` VARCHAR(45) NOT NULL,
  `lName` VARCHAR(70) NOT NULL,
  `job` VARCHAR(70) NOT NULL,
  `email` VARCHAR(100) NOT NULL,
  `address` VARCHAR(100) NOT NULL,
  `interest` INT NOT NULL DEFAULT '100',
  `company_id` INT NOT NULL,
  `city_id` INT NOT NULL,
  `active` INT NOT NULL DEFAULT '1',
  PRIMARY KEY (`id`, `company_id`, `city_id`),
  INDEX `fk_contacts_companies1_idx` (`company_id` ASC) VISIBLE,
  INDEX `fk_contacts_cities1_idx` (`city_id` ASC) VISIBLE,
  CONSTRAINT `fk_contacts_cities1`
    FOREIGN KEY (`city_id`)
    REFERENCES `datawarehouse`.`cities` (`id`),
  CONSTRAINT `fk_contacts_companies1`
    FOREIGN KEY (`company_id`)
    REFERENCES `datawarehouse`.`companies` (`id`))
ENGINE = InnoDB
AUTO_INCREMENT = 32
DEFAULT CHARACTER SET = utf8
COLLATE = utf8_estonian_ci;


-- -----------------------------------------------------
-- Table `datawarehouse`.`social`
-- -----------------------------------------------------
CREATE TABLE IF NOT EXISTS `datawarehouse`.`social` (
  `id` INT NOT NULL AUTO_INCREMENT,
  `name` VARCHAR(45) NOT NULL,
  `active` VARCHAR(45) NOT NULL DEFAULT '1',
  PRIMARY KEY (`id`))
ENGINE = InnoDB
AUTO_INCREMENT = 6
DEFAULT CHARACTER SET = utf8
COLLATE = utf8_estonian_ci;


-- -----------------------------------------------------
-- Table `datawarehouse`.`contacts_has_social`
-- -----------------------------------------------------
CREATE TABLE IF NOT EXISTS `datawarehouse`.`contacts_has_social` (
  `contacts_id` INT NOT NULL,
  `social_id` INT NOT NULL,
  `account` VARCHAR(70) NULL DEFAULT NULL,
  `preference` VARCHAR(70) NULL DEFAULT 'No Preference',
  PRIMARY KEY (`contacts_id`, `social_id`),
  INDEX `fk_contacts_has_social_social1_idx` (`social_id` ASC) VISIBLE,
  INDEX `fk_contacts_has_social_contacts1_idx` (`contacts_id` ASC) VISIBLE,
  CONSTRAINT `fk_contacts_has_social_contacts1`
    FOREIGN KEY (`contacts_id`)
    REFERENCES `datawarehouse`.`contacts` (`id`),
  CONSTRAINT `fk_contacts_has_social_social1`
    FOREIGN KEY (`social_id`)
    REFERENCES `datawarehouse`.`social` (`id`))
ENGINE = InnoDB
DEFAULT CHARACTER SET = utf8
COLLATE = utf8_estonian_ci;


-- -----------------------------------------------------
-- Table `datawarehouse`.`users`
-- -----------------------------------------------------
CREATE TABLE IF NOT EXISTS `datawarehouse`.`users` (
  `id` INT NOT NULL AUTO_INCREMENT,
  `fName` VARCHAR(100) NOT NULL,
  `lName` VARCHAR(100) NOT NULL,
  `username` VARCHAR(45) NOT NULL,
  `email` VARCHAR(100) NOT NULL,
  `admin` TINYINT(1) NOT NULL DEFAULT '0',
  `password` VARCHAR(100) NOT NULL,
  PRIMARY KEY (`id`))
ENGINE = InnoDB
AUTO_INCREMENT = 22
DEFAULT CHARACTER SET = utf8
COLLATE = utf8_estonian_ci;



INSERT INTO `datawarehouse`.`users` (`id`,`fName`,`lName`,`username`,`email`,`admin`,`password`) VALUES (1,'Agus','Mac Rae','agusmac','agusmac40@gmail.com',1,'Cocacola12');
INSERT INTO `datawarehouse`.`users` (`id`,`fName`,`lName`,`username`,`email`,`admin`,`password`) VALUES (2,'Naruto','Uzumaki','narutovich','naruto@gmail.com',0,'narutovich');
INSERT INTO `datawarehouse`.`users` (`id`,`fName`,`lName`,`username`,`email`,`admin`,`password`) VALUES (4,'lionel','messi','dinho','messi@gmail.com',1,'dinho');
INSERT INTO `datawarehouse`.`users` (`id`,`fName`,`lName`,`username`,`email`,`admin`,`password`) VALUES (20,'testuser','testuser','testuser','testuser',0,'123');
INSERT INTO `datawarehouse`.`users` (`id`,`fName`,`lName`,`username`,`email`,`admin`,`password`) VALUES (21,'testAdmin','testAdmin','testAdmin','testAdmin',1,'123');

INSERT INTO `datawarehouse`.`social` (`id`,`name`,`active`) VALUES (1,'Whatsapp_phone','1');
INSERT INTO `datawarehouse`.`social` (`id`,`name`,`active`) VALUES (2,'Instagram','1');
INSERT INTO `datawarehouse`.`social` (`id`,`name`,`active`) VALUES (3,'Linkedin','1');
INSERT INTO `datawarehouse`.`social` (`id`,`name`,`active`) VALUES (4,'Facebook','1');

INSERT INTO `datawarehouse`.`regions` (`id`,`name`,`active`) VALUES (1,'South America',1);
INSERT INTO `datawarehouse`.`regions` (`id`,`name`,`active`) VALUES (2,'North America',1);
INSERT INTO `datawarehouse`.`regions` (`id`,`name`,`active`) VALUES (3,'Europe',1);
INSERT INTO `datawarehouse`.`regions` (`id`,`name`,`active`) VALUES (4,'Asia',1);
INSERT INTO `datawarehouse`.`regions` (`id`,`name`,`active`) VALUES (5,'Africa',1);

INSERT INTO `datawarehouse`.`countries` (`id`,`name`,`Regions_id`,`active`) VALUES (1,'Argentina',1,1);
INSERT INTO `datawarehouse`.`countries` (`id`,`name`,`Regions_id`,`active`) VALUES (2,'Chile',1,1);
INSERT INTO `datawarehouse`.`countries` (`id`,`name`,`Regions_id`,`active`) VALUES (3,'Brasil',1,1);
INSERT INTO `datawarehouse`.`countries` (`id`,`name`,`Regions_id`,`active`) VALUES (4,'USA',2,1);
INSERT INTO `datawarehouse`.`countries` (`id`,`name`,`Regions_id`,`active`) VALUES (5,'Canada',2,1);
INSERT INTO `datawarehouse`.`countries` (`id`,`name`,`Regions_id`,`active`) VALUES (6,'Germany',3,1);
INSERT INTO `datawarehouse`.`countries` (`id`,`name`,`Regions_id`,`active`) VALUES (7,'Spain',3,1);
INSERT INTO `datawarehouse`.`countries` (`id`,`name`,`Regions_id`,`active`) VALUES (8,'China',4,1);
INSERT INTO `datawarehouse`.`countries` (`id`,`name`,`Regions_id`,`active`) VALUES (9,'Japan',4,1);
INSERT INTO `datawarehouse`.`countries` (`id`,`name`,`Regions_id`,`active`) VALUES (10,'Nigeria',5,1);
INSERT INTO `datawarehouse`.`countries` (`id`,`name`,`Regions_id`,`active`) VALUES (11,'Ghana',5,0);
INSERT INTO `datawarehouse`.`countries` (`id`,`name`,`Regions_id`,`active`) VALUES (12,'Kenia',5,1);
INSERT INTO `datawarehouse`.`countries` (`id`,`name`,`Regions_id`,`active`) VALUES (13,'Korea',4,1);
INSERT INTO `datawarehouse`.`countries` (`id`,`name`,`Regions_id`,`active`) VALUES (14,'Ghana',5,1);
INSERT INTO `datawarehouse`.`countries` (`id`,`name`,`Regions_id`,`active`) VALUES (15,'South Africa',5,1);
INSERT INTO `datawarehouse`.`countries` (`id`,`name`,`Regions_id`,`active`) VALUES (16,'Uruguay',1,1);
INSERT INTO `datawarehouse`.`countries` (`id`,`name`,`Regions_id`,`active`) VALUES (17,'Portugal',3,1);
INSERT INTO `datawarehouse`.`countries` (`id`,`name`,`Regions_id`,`active`) VALUES (18,'Italy',3,1);




INSERT INTO `datawarehouse`.`cities` (`id`,`name`,`Countries_id`,`active`) VALUES (1,'Rosario',1,1);
INSERT INTO `datawarehouse`.`cities` (`id`,`name`,`Countries_id`,`active`) VALUES (2,'Buenos Aires',1,1);
INSERT INTO `datawarehouse`.`cities` (`id`,`name`,`Countries_id`,`active`) VALUES (3,'Santiago',2,1);
INSERT INTO `datawarehouse`.`cities` (`id`,`name`,`Countries_id`,`active`) VALUES (4,'Sao Paulo',3,1);
INSERT INTO `datawarehouse`.`cities` (`id`,`name`,`Countries_id`,`active`) VALUES (5,'Washington',4,1);
INSERT INTO `datawarehouse`.`cities` (`id`,`name`,`Countries_id`,`active`) VALUES (6,'New York',4,1);
INSERT INTO `datawarehouse`.`cities` (`id`,`name`,`Countries_id`,`active`) VALUES (7,'Berlin',6,1);
INSERT INTO `datawarehouse`.`cities` (`id`,`name`,`Countries_id`,`active`) VALUES (8,'Beijing',8,1);
INSERT INTO `datawarehouse`.`cities` (`id`,`name`,`Countries_id`,`active`) VALUES (9,'Tokio',9,1);
INSERT INTO `datawarehouse`.`cities` (`id`,`name`,`Countries_id`,`active`) VALUES (10,'Concepcion',2,1);
INSERT INTO `datawarehouse`.`cities` (`id`,`name`,`Countries_id`,`active`) VALUES (11,'Valparaiso',2,1);
INSERT INTO `datawarehouse`.`cities` (`id`,`name`,`Countries_id`,`active`) VALUES (12,'Rio de Janeiro',3,1);
INSERT INTO `datawarehouse`.`cities` (`id`,`name`,`Countries_id`,`active`) VALUES (13,'Belo Horizonte',3,1);
INSERT INTO `datawarehouse`.`cities` (`id`,`name`,`Countries_id`,`active`) VALUES (14,'Toronto',5,1);
INSERT INTO `datawarehouse`.`cities` (`id`,`name`,`Countries_id`,`active`) VALUES (15,'Vancouver',5,1);
INSERT INTO `datawarehouse`.`cities` (`id`,`name`,`Countries_id`,`active`) VALUES (16,'Munich',6,1);
INSERT INTO `datawarehouse`.`cities` (`id`,`name`,`Countries_id`,`active`) VALUES (17,'Hamburgo',6,1);
INSERT INTO `datawarehouse`.`cities` (`id`,`name`,`Countries_id`,`active`) VALUES (18,'Madrid',7,1);
INSERT INTO `datawarehouse`.`cities` (`id`,`name`,`Countries_id`,`active`) VALUES (19,'Barcelona',7,1);
INSERT INTO `datawarehouse`.`cities` (`id`,`name`,`Countries_id`,`active`) VALUES (20,'Lagos',10,1);
INSERT INTO `datawarehouse`.`cities` (`id`,`name`,`Countries_id`,`active`) VALUES (21,'Nairobi',12,1);
INSERT INTO `datawarehouse`.`cities` (`id`,`name`,`Countries_id`,`active`) VALUES (22,'Mombasa',12,1);
INSERT INTO `datawarehouse`.`cities` (`id`,`name`,`Countries_id`,`active`) VALUES (23,'Seul',13,1);
INSERT INTO `datawarehouse`.`cities` (`id`,`name`,`Countries_id`,`active`) VALUES (24,'Busan2',13,1);
INSERT INTO `datawarehouse`.`cities` (`id`,`name`,`Countries_id`,`active`) VALUES (25,'Cordoba',1,0);
INSERT INTO `datawarehouse`.`cities` (`id`,`name`,`Countries_id`,`active`) VALUES (26,'Los angeles',4,1);
INSERT INTO `datawarehouse`.`cities` (`id`,`name`,`Countries_id`,`active`) VALUES (27,'San Luis',1,0);
INSERT INTO `datawarehouse`.`cities` (`id`,`name`,`Countries_id`,`active`) VALUES (28,'san luis',1,0);
INSERT INTO `datawarehouse`.`cities` (`id`,`name`,`Countries_id`,`active`) VALUES (29,'Cordoba',1,1);
INSERT INTO `datawarehouse`.`cities` (`id`,`name`,`Countries_id`,`active`) VALUES (30,'San Luis',1,1);
INSERT INTO `datawarehouse`.`cities` (`id`,`name`,`Countries_id`,`active`) VALUES (31,'Montevideo2',16,0);
INSERT INTO `datawarehouse`.`cities` (`id`,`name`,`Countries_id`,`active`) VALUES (32,'Lisboa',17,0);
INSERT INTO `datawarehouse`.`cities` (`id`,`name`,`Countries_id`,`active`) VALUES (33,'Oporto2',17,1);
INSERT INTO `datawarehouse`.`cities` (`id`,`name`,`Countries_id`,`active`) VALUES (34,'Roma',18,1);
INSERT INTO `datawarehouse`.`cities` (`id`,`name`,`Countries_id`,`active`) VALUES (35,'Acra',14,1);
INSERT INTO `datawarehouse`.`cities` (`id`,`name`,`Countries_id`,`active`) VALUES (36,'Kumasi',14,1);
INSERT INTO `datawarehouse`.`cities` (`id`,`name`,`Countries_id`,`active`) VALUES (37,'Johannesburgo ',15,1);
INSERT INTO `datawarehouse`.`cities` (`id`,`name`,`Countries_id`,`active`) VALUES (38,'Lisboa',17,1);
INSERT INTO `datawarehouse`.`cities` (`id`,`name`,`Countries_id`,`active`) VALUES (39,'Montevideo',16,1);
INSERT INTO `datawarehouse`.`cities` (`id`,`name`,`Countries_id`,`active`) VALUES (40,'Punta del este',16,1);


INSERT INTO `datawarehouse`.`companies` (`id`,`name`,`address`,`email`,`phone`,`city_id`,`active`) VALUES (1,'Cocacola','Catamaran 1300','cocacola@gmail.com','3413652437',1,1);
INSERT INTO `datawarehouse`.`companies` (`id`,`name`,`address`,`email`,`phone`,`city_id`,`active`) VALUES (2,'Rappi','Saavedra 2500','Rappi@gmail.com','3245674234',3,1);
INSERT INTO `datawarehouse`.`companies` (`id`,`name`,`address`,`email`,`phone`,`city_id`,`active`) VALUES (3,'Netflix','rioja 1200','netflix@gmail.com','3412342435',32,1);
INSERT INTO `datawarehouse`.`companies` (`id`,`name`,`address`,`email`,`phone`,`city_id`,`active`) VALUES (4,'Arcor','sarmiento 1200','Arcor@gmail.com','3417842435',25,1);
INSERT INTO `datawarehouse`.`companies` (`id`,`name`,`address`,`email`,`phone`,`city_id`,`active`) VALUES (5,'Pepsico','jaime 1200','Pepsico@gmail.com','3417842145',23,1);
INSERT INTO `datawarehouse`.`companies` (`id`,`name`,`address`,`email`,`phone`,`city_id`,`active`) VALUES (6,'Genius','jinjung 134','Genius@gmail.com','1234567890',8,0);
INSERT INTO `datawarehouse`.`companies` (`id`,`name`,`address`,`email`,`phone`,`city_id`,`active`) VALUES (7,'platos','mayorca1300','platos@gmail.com','1345678',22,0);
INSERT INTO `datawarehouse`.`companies` (`id`,`name`,`address`,`email`,`phone`,`city_id`,`active`) VALUES (8,'Xiaomi2','benjuja2','Xiaomi@gmail.com','1234566667',8,0);
INSERT INTO `datawarehouse`.`companies` (`id`,`name`,`address`,`email`,`phone`,`city_id`,`active`) VALUES (9,'Lamborghini','genezze 2456','lambo@gmail.com','12321451',34,1);
INSERT INTO `datawarehouse`.`companies` (`id`,`name`,`address`,`email`,`phone`,`city_id`,`active`) VALUES (10,'Fravega','Vivalte 5000','fravega@gmail.com','1234567899',9,1);
INSERT INTO `datawarehouse`.`companies` (`id`,`name`,`address`,`email`,`phone`,`city_id`,`active`) VALUES (11,'Samsung','k1134','Samsung@gmail.com','8896544576',23,1);
INSERT INTO `datawarehouse`.`companies` (`id`,`name`,`address`,`email`,`phone`,`city_id`,`active`) VALUES (12,'Ford','vallejos 1100','ford@gmail.com','123456788',2,1);
INSERT INTO `datawarehouse`.`companies` (`id`,`name`,`address`,`email`,`phone`,`city_id`,`active`) VALUES (13,'Tesla',' 12345BA','tesla@gmail.com','13245567',37,1);


INSERT INTO `datawarehouse`.`contacts` (`id`,`fName`,`lName`,`job`,`email`,`address`,`interest`,`company_id`,`city_id`,`active`) VALUES (1,'Agustin','Mac Rae','CEO','agusmac40@gmail.com','sarmiento 1600',100,1,6,1);
INSERT INTO `datawarehouse`.`contacts` (`id`,`fName`,`lName`,`job`,`email`,`address`,`interest`,`company_id`,`city_id`,`active`) VALUES (2,'Frida','Kahlo','Marketing ','frida@gmail.com','juarez 500',75,4,13,1);
INSERT INTO `datawarehouse`.`contacts` (`id`,`fName`,`lName`,`job`,`email`,`address`,`interest`,`company_id`,`city_id`,`active`) VALUES (3,'Cristiano','Ronaldo','Brand face','cr7@gmail.com','carioca 810',50,5,38,1);
INSERT INTO `datawarehouse`.`contacts` (`id`,`fName`,`lName`,`job`,`email`,`address`,`interest`,`company_id`,`city_id`,`active`) VALUES (4,'Roberto','Alcantara','Designer','alcara@gmail.com','k800',25,11,23,1);
INSERT INTO `datawarehouse`.`contacts` (`id`,`fName`,`lName`,`job`,`email`,`address`,`interest`,`company_id`,`city_id`,`active`) VALUES (5,'Nico','Merlo','Musician','Nico@gmerlo.com','Cervantes 154',100,9,34,1);
INSERT INTO `datawarehouse`.`contacts` (`id`,`fName`,`lName`,`job`,`email`,`address`,`interest`,`company_id`,`city_id`,`active`) VALUES (19,'Coki','Mac','Architect','coki@gmail.com','132 cabildo',50,5,27,1);
INSERT INTO `datawarehouse`.`contacts` (`id`,`fName`,`lName`,`job`,`email`,`address`,`interest`,`company_id`,`city_id`,`active`) VALUES (20,'Nacho','Canal','Engineer','nachoCanal@gmail.com','Henry ford 1400',50,12,2,1);
INSERT INTO `datawarehouse`.`contacts` (`id`,`fName`,`lName`,`job`,`email`,`address`,`interest`,`company_id`,`city_id`,`active`) VALUES (21,'Fer','Palacios','DJ','ferpapal@gmail','Calaca1300',0,1,40,1);
INSERT INTO `datawarehouse`.`contacts` (`id`,`fName`,`lName`,`job`,`email`,`address`,`interest`,`company_id`,`city_id`,`active`) VALUES (22,'Robert','Downey Jr','IronMan','ironman@gmail.com','Teslamax 4000',25,11,26,1);
INSERT INTO `datawarehouse`.`contacts` (`id`,`fName`,`lName`,`job`,`email`,`address`,`interest`,`company_id`,`city_id`,`active`) VALUES (23,'Tom ','Clancy','Software Engineer','TomCl@gmail.com','Ders 14B',100,10,16,1);
INSERT INTO `datawarehouse`.`contacts` (`id`,`fName`,`lName`,`job`,`email`,`address`,`interest`,`company_id`,`city_id`,`active`) VALUES (25,'sdadasd','adasdas','adasd','asdasd','adsad',75,2,9,1);
INSERT INTO `datawarehouse`.`contacts` (`id`,`fName`,`lName`,`job`,`email`,`address`,`interest`,`company_id`,`city_id`,`active`) VALUES (26,'Mauro2','Gonzalez2','QA2','maugon@gmail.com2','kurasai B2',100,9,34,1);
INSERT INTO `datawarehouse`.`contacts` (`id`,`fName`,`lName`,`job`,`email`,`address`,`interest`,`company_id`,`city_id`,`active`) VALUES (27,'Felix','kjellberg','Youtuber','pewds@gmail.com','Pezco 2b',100,3,34,1);
INSERT INTO `datawarehouse`.`contacts` (`id`,`fName`,`lName`,`job`,`email`,`address`,`interest`,`company_id`,`city_id`,`active`) VALUES (28,'Bill ','Gates','Software engineer','bg@gmail.com','Beerbana 13',25,10,20,1);
INSERT INTO `datawarehouse`.`contacts` (`id`,`fName`,`lName`,`job`,`email`,`address`,`interest`,`company_id`,`city_id`,`active`) VALUES (29,'Elon','Musk','CEO','elon@gmail.com','TOP SECRET',50,13,37,1);
INSERT INTO `datawarehouse`.`contacts` (`id`,`fName`,`lName`,`job`,`email`,`address`,`interest`,`company_id`,`city_id`,`active`) VALUES (30,'Bruce ','Wayne','Likes bats a lot','BW@gmail.com','dinho10',0,9,38,1);
INSERT INTO `datawarehouse`.`contacts` (`id`,`fName`,`lName`,`job`,`email`,`address`,`interest`,`company_id`,`city_id`,`active`) VALUES (31,'Steve','Jobs','Ceo','sj@gmail.com','apple HQ',50,13,5,1);


INSERT INTO `datawarehouse`.`contacts_has_social` (`contacts_id`,`social_id`,`account`,`preference`) VALUES (1,1,'3413536723 2','Favorite');
INSERT INTO `datawarehouse`.`contacts_has_social` (`contacts_id`,`social_id`,`account`,`preference`) VALUES (1,2,'agusmac12','Do not disturb');
INSERT INTO `datawarehouse`.`contacts_has_social` (`contacts_id`,`social_id`,`account`,`preference`) VALUES (1,3,'agusmac2','Favorite');
INSERT INTO `datawarehouse`.`contacts_has_social` (`contacts_id`,`social_id`,`account`,`preference`) VALUES (1,4,'agusmac402','No Preferences');
INSERT INTO `datawarehouse`.`contacts_has_social` (`contacts_id`,`social_id`,`account`,`preference`) VALUES (2,1,'5671234567','No preference');
INSERT INTO `datawarehouse`.`contacts_has_social` (`contacts_id`,`social_id`,`account`,`preference`) VALUES (2,2,'frida_ok','Favorite');
INSERT INTO `datawarehouse`.`contacts_has_social` (`contacts_id`,`social_id`,`account`,`preference`) VALUES (2,3,'frika_works','No preference');
INSERT INTO `datawarehouse`.`contacts_has_social` (`contacts_id`,`social_id`,`account`,`preference`) VALUES (2,4,'frika_socialize','No Preference');
INSERT INTO `datawarehouse`.`contacts_has_social` (`contacts_id`,`social_id`,`account`,`preference`) VALUES (3,1,'1377777','Do not Bother');
INSERT INTO `datawarehouse`.`contacts_has_social` (`contacts_id`,`social_id`,`account`,`preference`) VALUES (3,2,'cr7siuu','No preference');
INSERT INTO `datawarehouse`.`contacts_has_social` (`contacts_id`,`social_id`,`account`,`preference`) VALUES (3,3,'cristiano','No Preference');
INSERT INTO `datawarehouse`.`contacts_has_social` (`contacts_id`,`social_id`,`account`,`preference`) VALUES (3,4,'cr7','Favorite');
INSERT INTO `datawarehouse`.`contacts_has_social` (`contacts_id`,`social_id`,`account`,`preference`) VALUES (4,1,'1234567891','Do not Bother');
INSERT INTO `datawarehouse`.`contacts_has_social` (`contacts_id`,`social_id`,`account`,`preference`) VALUES (4,2,'robertox1','Favorite');
INSERT INTO `datawarehouse`.`contacts_has_social` (`contacts_id`,`social_id`,`account`,`preference`) VALUES (4,3,'alcara','No Preference');
INSERT INTO `datawarehouse`.`contacts_has_social` (`contacts_id`,`social_id`,`account`,`preference`) VALUES (4,4,'robalcar','No Preference');
INSERT INTO `datawarehouse`.`contacts_has_social` (`contacts_id`,`social_id`,`account`,`preference`) VALUES (5,1,'3413542355','Do not disturb');
INSERT INTO `datawarehouse`.`contacts_has_social` (`contacts_id`,`social_id`,`account`,`preference`) VALUES (5,2,'NicoMerloInsta','Do not disturb');
INSERT INTO `datawarehouse`.`contacts_has_social` (`contacts_id`,`social_id`,`account`,`preference`) VALUES (5,3,'nicoMerloLink','Do not disturb');
INSERT INTO `datawarehouse`.`contacts_has_social` (`contacts_id`,`social_id`,`account`,`preference`) VALUES (5,4,'NicoMerloFace','Favorite');
INSERT INTO `datawarehouse`.`contacts_has_social` (`contacts_id`,`social_id`,`account`,`preference`) VALUES (19,1,'3416892355','Do not disturb');
INSERT INTO `datawarehouse`.`contacts_has_social` (`contacts_id`,`social_id`,`account`,`preference`) VALUES (19,2,'coki3','No preferences');
INSERT INTO `datawarehouse`.`contacts_has_social` (`contacts_id`,`social_id`,`account`,`preference`) VALUES (19,3,'coki2','Favorite');
INSERT INTO `datawarehouse`.`contacts_has_social` (`contacts_id`,`social_id`,`account`,`preference`) VALUES (19,4,'coki1','Do not disturb');
INSERT INTO `datawarehouse`.`contacts_has_social` (`contacts_id`,`social_id`,`account`,`preference`) VALUES (20,1,'','Favorite');
INSERT INTO `datawarehouse`.`contacts_has_social` (`contacts_id`,`social_id`,`account`,`preference`) VALUES (20,2,'nachoInsta','No Preferences');
INSERT INTO `datawarehouse`.`contacts_has_social` (`contacts_id`,`social_id`,`account`,`preference`) VALUES (20,3,'nachocanales','No Preferences');
INSERT INTO `datawarehouse`.`contacts_has_social` (`contacts_id`,`social_id`,`account`,`preference`) VALUES (20,4,'nacho1234','Do not disturb');
INSERT INTO `datawarehouse`.`contacts_has_social` (`contacts_id`,`social_id`,`account`,`preference`) VALUES (21,1,'123456789','Favorite');
INSERT INTO `datawarehouse`.`contacts_has_social` (`contacts_id`,`social_id`,`account`,`preference`) VALUES (21,2,'ferpapal','Do not disturb');
INSERT INTO `datawarehouse`.`contacts_has_social` (`contacts_id`,`social_id`,`account`,`preference`) VALUES (21,3,'','Do not disturb');
INSERT INTO `datawarehouse`.`contacts_has_social` (`contacts_id`,`social_id`,`account`,`preference`) VALUES (21,4,'ferpapol','No Preferences');
INSERT INTO `datawarehouse`.`contacts_has_social` (`contacts_id`,`social_id`,`account`,`preference`) VALUES (22,1,'2324325252','Do not disturb');
INSERT INTO `datawarehouse`.`contacts_has_social` (`contacts_id`,`social_id`,`account`,`preference`) VALUES (22,2,'Ironman12','Favorite');
INSERT INTO `datawarehouse`.`contacts_has_social` (`contacts_id`,`social_id`,`account`,`preference`) VALUES (22,3,'ironguy','No Preferences');
INSERT INTO `datawarehouse`.`contacts_has_social` (`contacts_id`,`social_id`,`account`,`preference`) VALUES (22,4,'Rdj','Do not disturb');
INSERT INTO `datawarehouse`.`contacts_has_social` (`contacts_id`,`social_id`,`account`,`preference`) VALUES (23,1,'3325455678','Do not disturb');
INSERT INTO `datawarehouse`.`contacts_has_social` (`contacts_id`,`social_id`,`account`,`preference`) VALUES (23,2,'instaTom','Favorite');
INSERT INTO `datawarehouse`.`contacts_has_social` (`contacts_id`,`social_id`,`account`,`preference`) VALUES (23,3,'','No Preferences');
INSERT INTO `datawarehouse`.`contacts_has_social` (`contacts_id`,`social_id`,`account`,`preference`) VALUES (23,4,'Thomas','No Preferences');
INSERT INTO `datawarehouse`.`contacts_has_social` (`contacts_id`,`social_id`,`account`,`preference`) VALUES (25,1,'','No Preferences');
INSERT INTO `datawarehouse`.`contacts_has_social` (`contacts_id`,`social_id`,`account`,`preference`) VALUES (25,2,'','No Preferences');
INSERT INTO `datawarehouse`.`contacts_has_social` (`contacts_id`,`social_id`,`account`,`preference`) VALUES (25,3,'','No Preferences');
INSERT INTO `datawarehouse`.`contacts_has_social` (`contacts_id`,`social_id`,`account`,`preference`) VALUES (25,4,'','No Preferences');
INSERT INTO `datawarehouse`.`contacts_has_social` (`contacts_id`,`social_id`,`account`,`preference`) VALUES (26,1,'','Do not disturb');
INSERT INTO `datawarehouse`.`contacts_has_social` (`contacts_id`,`social_id`,`account`,`preference`) VALUES (26,2,'','Do not disturb');
INSERT INTO `datawarehouse`.`contacts_has_social` (`contacts_id`,`social_id`,`account`,`preference`) VALUES (26,3,'ada','No Preferences');
INSERT INTO `datawarehouse`.`contacts_has_social` (`contacts_id`,`social_id`,`account`,`preference`) VALUES (26,4,'mauro','Favorite');
INSERT INTO `datawarehouse`.`contacts_has_social` (`contacts_id`,`social_id`,`account`,`preference`) VALUES (27,1,'','No Preferences');
INSERT INTO `datawarehouse`.`contacts_has_social` (`contacts_id`,`social_id`,`account`,`preference`) VALUES (27,2,'pewds','Favorite');
INSERT INTO `datawarehouse`.`contacts_has_social` (`contacts_id`,`social_id`,`account`,`preference`) VALUES (27,3,'','Do not disturb');
INSERT INTO `datawarehouse`.`contacts_has_social` (`contacts_id`,`social_id`,`account`,`preference`) VALUES (27,4,'','Do not disturb');
INSERT INTO `datawarehouse`.`contacts_has_social` (`contacts_id`,`social_id`,`account`,`preference`) VALUES (28,1,'','No Preferences');
INSERT INTO `datawarehouse`.`contacts_has_social` (`contacts_id`,`social_id`,`account`,`preference`) VALUES (28,2,'','No Preferences');
INSERT INTO `datawarehouse`.`contacts_has_social` (`contacts_id`,`social_id`,`account`,`preference`) VALUES (28,3,'BILLGATES','Favorite');
INSERT INTO `datawarehouse`.`contacts_has_social` (`contacts_id`,`social_id`,`account`,`preference`) VALUES (28,4,'','No Preferences');
INSERT INTO `datawarehouse`.`contacts_has_social` (`contacts_id`,`social_id`,`account`,`preference`) VALUES (29,1,'','No Preferences');
INSERT INTO `datawarehouse`.`contacts_has_social` (`contacts_id`,`social_id`,`account`,`preference`) VALUES (29,2,'','No Preferences');
INSERT INTO `datawarehouse`.`contacts_has_social` (`contacts_id`,`social_id`,`account`,`preference`) VALUES (29,3,'elonBTC','Favorite');
INSERT INTO `datawarehouse`.`contacts_has_social` (`contacts_id`,`social_id`,`account`,`preference`) VALUES (29,4,'','Do not disturb');
INSERT INTO `datawarehouse`.`contacts_has_social` (`contacts_id`,`social_id`,`account`,`preference`) VALUES (30,1,'1451351678','Favorite');
INSERT INTO `datawarehouse`.`contacts_has_social` (`contacts_id`,`social_id`,`account`,`preference`) VALUES (30,2,'','No Preferences');
INSERT INTO `datawarehouse`.`contacts_has_social` (`contacts_id`,`social_id`,`account`,`preference`) VALUES (30,3,'','No Preferences');
INSERT INTO `datawarehouse`.`contacts_has_social` (`contacts_id`,`social_id`,`account`,`preference`) VALUES (30,4,'','No Preferences');
INSERT INTO `datawarehouse`.`contacts_has_social` (`contacts_id`,`social_id`,`account`,`preference`) VALUES (31,1,'sjW','Do not disturb');
INSERT INTO `datawarehouse`.`contacts_has_social` (`contacts_id`,`social_id`,`account`,`preference`) VALUES (31,2,'sjI','Favorite');
INSERT INTO `datawarehouse`.`contacts_has_social` (`contacts_id`,`social_id`,`account`,`preference`) VALUES (31,3,'sjL','Do not disturb');
INSERT INTO `datawarehouse`.`contacts_has_social` (`contacts_id`,`social_id`,`account`,`preference`) VALUES (31,4,'sjF','No Preferences');




SET SQL_MODE=@OLD_SQL_MODE;
SET FOREIGN_KEY_CHECKS=@OLD_FOREIGN_KEY_CHECKS;
SET UNIQUE_CHECKS=@OLD_UNIQUE_CHECKS;
